Name,Video Duration,Processing Time
ATW700.mpg.asf,623.987,66.02261519432068
DW_581.mpg,240.04,40.552186250686646
ATW-650.mpg,60.04,35.9111545085907
ATW-644.mpg,60.04,35.500136613845825
SF2082.mp4,70.12,40.14546513557434
