Name,Video Duration,Processing Time
ATW700.mpg.asf,623.987,66.14766716957092
DW_581.mpg,240.04,72.67609357833862
ATW-650.mpg,60.04,110.52403807640076
ATW-644.mpg,60.04,36.51527380943298
SF2082.mp4,70.12,33.715715169906616
